[
  {
    "file": "montaz-klimatyzacji-warszawa.html",
    "title": "Montaż klimatyzacji w Warszawa"
  },
  {
    "file": "montaz-klimatyzacji-krakow.html",
    "title": "Montaż klimatyzacji w Kraków"
  },
  {
    "file": "montaz-klimatyzacji-wroclaw.html",
    "title": "Montaż klimatyzacji w Wrocław"
  },
  {
    "file": "montaz-klimatyzacji-gdansk.html",
    "title": "Montaż klimatyzacji w Gdańsk"
  },
  {
    "file": "montaz-klimatyzacji-poznan.html",
    "title": "Montaż klimatyzacji w Poznań"
  },
  {
    "file": "montaz-klimatyzacji-katowice.html",
    "title": "Montaż klimatyzacji w Katowice"
  },
  {
    "file": "montaz-klimatyzacji-lublin.html",
    "title": "Montaż klimatyzacji w Lublin"
  },
  {
    "file": "montaz-klimatyzacji-rzeszow.html",
    "title": "Montaż klimatyzacji w Rzeszów"
  },
  {
    "file": "montaz-klimatyzacji-bialystok.html",
    "title": "Montaż klimatyzacji w Białystok"
  },
  {
    "file": "montaz-klimatyzacji-bydgoszcz.html",
    "title": "Montaż klimatyzacji w Bydgoszcz"
  },
  {
    "file": "montaz-klimatyzacji-szczecin.html",
    "title": "Montaż klimatyzacji w Szczecin"
  },
  {
    "file": "montaz-klimatyzacji-torun.html",
    "title": "Montaż klimatyzacji w Toruń"
  },
  {
    "file": "montaz-klimatyzacji-olsztyn.html",
    "title": "Montaż klimatyzacji w Olsztyn"
  },
  {
    "file": "montaz-klimatyzacji-radom.html",
    "title": "Montaż klimatyzacji w Radom"
  },
  {
    "file": "montaz-klimatyzacji-plock.html",
    "title": "Montaż klimatyzacji w Płock"
  },
  {
    "file": "montaz-klimatyzacji-siedlce.html",
    "title": "Montaż klimatyzacji w Siedlce"
  },
  {
    "file": "montaz-klimatyzacji-legionowo.html",
    "title": "Montaż klimatyzacji w Legionowo"
  },
  {
    "file": "montaz-klimatyzacji-pruszkow.html",
    "title": "Montaż klimatyzacji w Pruszków"
  },
  {
    "file": "montaz-klimatyzacji-piaseczno.html",
    "title": "Montaż klimatyzacji w Piaseczno"
  },
  {
    "file": "montaz-klimatyzacji-zielonka.html",
    "title": "Montaż klimatyzacji w Zielonka"
  },
  {
    "file": "montaz-klimatyzacji-marki.html",
    "title": "Montaż klimatyzacji w Marki"
  },
  {
    "file": "montaz-klimatyzacji-zabki.html",
    "title": "Montaż klimatyzacji w Ząbki"
  },
  {
    "file": "montaz-klimatyzacji-wolomin.html",
    "title": "Montaż klimatyzacji w Wołomin"
  },
  {
    "file": "montaz-klimatyzacji-otwock.html",
    "title": "Montaż klimatyzacji w Otwock"
  },
  {
    "file": "montaz-klimatyzacji-minsk-mazowiecki.html",
    "title": "Montaż klimatyzacji w Mińsk Mazowiecki"
  },
  {
    "file": "montaz-klimatyzacji-sochaczew.html",
    "title": "Montaż klimatyzacji w Sochaczew"
  },
  {
    "file": "montaz-klimatyzacji-skierniewice.html",
    "title": "Montaż klimatyzacji w Skierniewice"
  },
  {
    "file": "montaz-klimatyzacji-zyrardow.html",
    "title": "Montaż klimatyzacji w Żyrardów"
  },
  {
    "file": "montaz-klimatyzacji-kutno.html",
    "title": "Montaż klimatyzacji w Kutno"
  },
  {
    "file": "montaz-klimatyzacji-lowicz.html",
    "title": "Montaż klimatyzacji w Łowicz"
  },
  {
    "file": "montaz-klimatyzacji-sierpc.html",
    "title": "Montaż klimatyzacji w Sierpc"
  },
  {
    "file": "montaz-klimatyzacji-ciechanow.html",
    "title": "Montaż klimatyzacji w Ciechanów"
  },
  {
    "file": "montaz-klimatyzacji-ostroleka.html",
    "title": "Montaż klimatyzacji w Ostrołęka"
  },
  {
    "file": "montaz-klimatyzacji-pultusk.html",
    "title": "Montaż klimatyzacji w Pułtusk"
  },
  {
    "file": "montaz-klimatyzacji-wyszkow.html",
    "title": "Montaż klimatyzacji w Wyszków"
  },
  {
    "file": "montaz-klimatyzacji-pabianice.html",
    "title": "Montaż klimatyzacji w Pabianice"
  },
  {
    "file": "montaz-klimatyzacji-zgierz.html",
    "title": "Montaż klimatyzacji w Zgierz"
  },
  {
    "file": "montaz-klimatyzacji-tomaszow-mazowiecki.html",
    "title": "Montaż klimatyzacji w Tomaszów Mazowiecki"
  },
  {
    "file": "montaz-klimatyzacji-belchatow.html",
    "title": "Montaż klimatyzacji w Bełchatów"
  },
  {
    "file": "montaz-klimatyzacji-piotrkow-trybunalski.html",
    "title": "Montaż klimatyzacji w Piotrków Trybunalski"
  },
  {
    "file": "montaz-klimatyzacji-czestochowa.html",
    "title": "Montaż klimatyzacji w Częstochowa"
  },
  {
    "file": "montaz-klimatyzacji-sosnowiec.html",
    "title": "Montaż klimatyzacji w Sosnowiec"
  },
  {
    "file": "montaz-klimatyzacji-dabrowa-gornicza.html",
    "title": "Montaż klimatyzacji w Dąbrowa Górnicza"
  },
  {
    "file": "montaz-klimatyzacji-bytom.html",
    "title": "Montaż klimatyzacji w Bytom"
  },
  {
    "file": "montaz-klimatyzacji-gliwice.html",
    "title": "Montaż klimatyzacji w Gliwice"
  },
  {
    "file": "montaz-klimatyzacji-zabrze.html",
    "title": "Montaż klimatyzacji w Zabrze"
  },
  {
    "file": "montaz-klimatyzacji-ruda-slaska.html",
    "title": "Montaż klimatyzacji w Ruda Śląska"
  },
  {
    "file": "montaz-klimatyzacji-chorzow.html",
    "title": "Montaż klimatyzacji w Chorzów"
  },
  {
    "file": "montaz-klimatyzacji-tychy.html",
    "title": "Montaż klimatyzacji w Tychy"
  },
  {
    "file": "montaz-klimatyzacji-jaworzno.html",
    "title": "Montaż klimatyzacji w Jaworzno"
  },
  {
    "file": "montaz-klimatyzacji-myslowice.html",
    "title": "Montaż klimatyzacji w Mysłowice"
  },
  {
    "file": "montaz-klimatyzacji-rybnik.html",
    "title": "Montaż klimatyzacji w Rybnik"
  },
  {
    "file": "montaz-klimatyzacji-jastrzebie-zdroj.html",
    "title": "Montaż klimatyzacji w Jastrzębie-Zdrój"
  },
  {
    "file": "montaz-klimatyzacji-zory.html",
    "title": "Montaż klimatyzacji w Żory"
  },
  {
    "file": "montaz-klimatyzacji-opole.html",
    "title": "Montaż klimatyzacji w Opole"
  },
  {
    "file": "montaz-klimatyzacji-kedzierzyn-kozle.html",
    "title": "Montaż klimatyzacji w Kędzierzyn-Koźle"
  },
  {
    "file": "montaz-klimatyzacji-nysa.html",
    "title": "Montaż klimatyzacji w Nysa"
  },
  {
    "file": "montaz-klimatyzacji-brzeg.html",
    "title": "Montaż klimatyzacji w Brzeg"
  },
  {
    "file": "montaz-klimatyzacji-walbrzych.html",
    "title": "Montaż klimatyzacji w Wałbrzych"
  },
  {
    "file": "montaz-klimatyzacji-swidnica.html",
    "title": "Montaż klimatyzacji w Świdnica"
  },
  {
    "file": "montaz-klimatyzacji-jelenia-gora.html",
    "title": "Montaż klimatyzacji w Jelenia Góra"
  },
  {
    "file": "montaz-klimatyzacji-lubin.html",
    "title": "Montaż klimatyzacji w Lubin"
  },
  {
    "file": "montaz-klimatyzacji-glogow.html",
    "title": "Montaż klimatyzacji w Głogów"
  },
  {
    "file": "montaz-klimatyzacji-legnica.html",
    "title": "Montaż klimatyzacji w Legnica"
  },
  {
    "file": "montaz-klimatyzacji-elblag.html",
    "title": "Montaż klimatyzacji w Elbląg"
  },
  {
    "file": "montaz-klimatyzacji-ilawa.html",
    "title": "Montaż klimatyzacji w Iława"
  },
  {
    "file": "montaz-klimatyzacji-malbork.html",
    "title": "Montaż klimatyzacji w Malbork"
  },
  {
    "file": "montaz-klimatyzacji-kwidzyn.html",
    "title": "Montaż klimatyzacji w Kwidzyn"
  },
  {
    "file": "montaz-klimatyzacji-grudziadz.html",
    "title": "Montaż klimatyzacji w Grudziądz"
  },
  {
    "file": "montaz-klimatyzacji-inowroclaw.html",
    "title": "Montaż klimatyzacji w Inowrocław"
  },
  {
    "file": "montaz-klimatyzacji-wloclawek.html",
    "title": "Montaż klimatyzacji w Włocławek"
  },
  {
    "file": "montaz-klimatyzacji-chelm.html",
    "title": "Montaż klimatyzacji w Chełm"
  },
  {
    "file": "montaz-klimatyzacji-zamosc.html",
    "title": "Montaż klimatyzacji w Zamość"
  },
  {
    "file": "montaz-klimatyzacji-pulawy.html",
    "title": "Montaż klimatyzacji w Puławy"
  },
  {
    "file": "montaz-klimatyzacji-swidnik.html",
    "title": "Montaż klimatyzacji w Świdnik"
  },
  {
    "file": "montaz-klimatyzacji-leczna.html",
    "title": "Montaż klimatyzacji w Łęczna"
  },
  {
    "file": "montaz-klimatyzacji-tarnow.html",
    "title": "Montaż klimatyzacji w Tarnów"
  },
  {
    "file": "montaz-klimatyzacji-nowy-sacz.html",
    "title": "Montaż klimatyzacji w Nowy Sącz"
  },
  {
    "file": "montaz-klimatyzacji-bochnia.html",
    "title": "Montaż klimatyzacji w Bochnia"
  },
  {
    "file": "montaz-klimatyzacji-brzesko.html",
    "title": "Montaż klimatyzacji w Brzesko"
  },
  {
    "file": "montaz-klimatyzacji-oswiecim.html",
    "title": "Montaż klimatyzacji w Oświęcim"
  },
  {
    "file": "montaz-klimatyzacji-chrzanow.html",
    "title": "Montaż klimatyzacji w Chrzanów"
  }
]